News URL,Headlines
"https://en.wikinews.org/wiki/Georgia_grand_jury_indicts_former_US_President_Trump,_alleging_%27conspiracy_to_unlawfully_change_outcome%27_of_2020_presidential_election","Georgia grand jury indicts former US President Trump, alleging conspiracy to unlawfully change outcome of 2020 presidential election"
https://en.wikinews.org/wiki/Former_US_President_Donald_Trump_pleads_not_guilty_over_alleged_attempts_to_%27subvert%27_2020_presidential_election_results,Former US President Donald Trump pleads not guilty over alleged attempts to subvert 2020 presidential election results
https://en.wikinews.org/wiki/Former_South_Carolina_governor_Nikki_Haley_declares_bid_for_2024_US_presidential_election,Former South Carolina governor Nikki Haley declares bid for 2024 US presidential election
https://en.wikinews.org/wiki/Bernie_Sanders_endorses_Joe_Biden_in_2020_United_States_presidential_election,Bernie Sanders endorses Joe Biden in 2020 United States presidential election
"https://en.wikinews.org/wiki/2020_United_States_presidential_election:_Trump,_Sanders_win_New_Hampshire_primaries","2020 United States presidential election: Trump, Sanders win New Hampshire primaries"
https://en.wikinews.org/wiki/United_States:_New_York_City_mayoral_swear-in_to_pair_potential_2020_presidential_prospects,United States: New York City mayoral swear-in to pair potential 2020 presidential prospects
"https://en.wikinews.org/wiki/On_the_campaign_trail_in_the_USA,_October_2016","On the campaign trail in the USA, October 2016"
"https://en.wikinews.org/wiki/On_the_campaign_trail,_June_2012","On the campaign trail, June 2012"
https://en.wikinews.org/wiki/Ron_Paul_announces_he_will_not_seek_U.S._House_re-election_in_2012;_will_focus_on_presidential_campaign,Ron Paul announces he will not seek U.S. House re-election in 2012; will focus on presidential campaign
"https://en.wikinews.org/wiki/On_the_campaign_trail_in_the_USA,_August_2016","On the campaign trail in the USA, August 2016"
"https://en.wikinews.org/wiki/On_the_campaign_trail,_July_2012","On the campaign trail, July 2012"
"https://en.wikinews.org/wiki/On_the_campaign_trail_in_the_USA,_July_2016","On the campaign trail in the USA, July 2016"
"https://en.wikinews.org/wiki/On_the_campaign_trail_in_the_USA,_June_2020","On the campaign trail in the USA, June 2020"
"https://en.wikinews.org/wiki/On_the_campaign_trail_in_the_USA,_June_2016","On the campaign trail in the USA, June 2016"
https://en.wikinews.org/wiki/Bernie_Sanders_wins_2020_Northern_Mariana_Islands_US_Democratic_presidential_caucus,Bernie Sanders wins 2020 Northern Mariana Islands US Democratic presidential caucus
"https://en.wikinews.org/wiki/On_the_campaign_trail_in_the_USA,_September_2016","On the campaign trail in the USA, September 2016"
https://en.wikinews.org/wiki/Elizabeth_Warren_endorses_Joe_Biden_in_2020_US_presidential_election,Elizabeth Warren endorses Joe Biden in 2020 US presidential election
"https://en.wikinews.org/wiki/On_the_campaign_trail_in_the_USA,_May_2016","On the campaign trail in the USA, May 2016"
https://en.wikinews.org/wiki/%27Let%27s_finish_this_job%27:_US_President_Joe_Biden_announces_2024_reelection_bid,Lets finish this job: US President Joe Biden announces 2024 reelection bid
"https://en.wikinews.org/wiki/Fear_and_loathing_on_the_campaign_trail,_August_2008","Fear and loathing on the campaign trail, August 2008"
https://en.wikinews.org/wiki/Bernie_Sanders_ends_2020_US_presidential_bid,Bernie Sanders ends 2020 US presidential bid
"https://en.wikinews.org/wiki/Arizona,_Florida,_Illinois_hold_2020_US_presidential_primaries;_Ohio_postpones","Arizona, Florida, Illinois hold 2020 US presidential primaries; Ohio postpones"
https://en.wikinews.org/wiki/Joe_Biden_wins_2020_South_Carolina_US_Democratic_presidential_primary,Joe Biden wins 2020 South Carolina US Democratic presidential primary
"https://en.wikinews.org/wiki/Joe_Biden_wins_2020_US_Democratic_presidential_primaries_in_Michigan,_Missouri,_and_Mississippi","Joe Biden wins 2020 US Democratic presidential primaries in Michigan, Missouri, and Mississippi"
https://en.wikinews.org/wiki/Biden_announces_Kamala_Harris_as_2020_running_mate_in_US_presidential_race,Biden announces Kamala Harris as 2020 running mate in US presidential race
"https://en.wikinews.org/wiki/Wikinews_holds_a_follow-up_interview_with_Max_Riekse,_Constitution_Party_candidate_for_the_2008_U.S._presidential_election","Wikinews holds a follow-up interview with Max Riekse, Constitution Party candidate for the 2008 U.S. presidential election"
https://en.wikinews.org/wiki/Jim_Webb_campaign_addresses_first_2016_presidential_election_controversy,Jim Webb campaign addresses first 2016 presidential election controversy
"https://en.wikinews.org/wiki/On_the_campaign_trail,_September_2012","On the campaign trail, September 2012"
https://en.wikinews.org/wiki/Fred_Karger_officially_ends_2012_presidential_campaign,Fred Karger officially ends 2012 presidential campaign
https://en.wikinews.org/wiki/Bernie_Sanders_wins_2020_Nevada_caucuses,Bernie Sanders wins 2020 Nevada caucuses
https://en.wikinews.org/wiki/Donald_Trump_wins_2020_US_Republican_delegates_from_Nevada,Donald Trump wins 2020 US Republican delegates from Nevada
https://en.wikinews.org/wiki/Ma_Ying-jeou_wins_2008_Taiwan_presidential_election,Ma Ying-jeou wins 2008 Taiwan presidential election
"https://en.wikinews.org/wiki/Obama,_Romney_spar_in_first_2012_U.S._presidential_debate","Obama, Romney spar in first 2012 U.S. presidential debate"
https://en.wikinews.org/wiki/Gary_Johnson_wins_2012_Libertarian_Party_presidential_nomination,Gary Johnson wins 2012 Libertarian Party presidential nomination
https://en.wikinews.org/wiki/Wikinews_interviews_2020_US_Libertarian_Party_presidential_candidate_Adam_Kokesh,Wikinews interviews 2020 US Libertarian Party presidential candidate Adam Kokesh
https://en.wikinews.org/wiki/US_state_of_Wisconsin_holds_2020_election_amidst_COVID-19_concerns,US state of Wisconsin holds 2020 election amidst COVID-19 concerns
https://en.wikinews.org/wiki/Barack_Obama_announces_2012_re-election_bid,Barack Obama announces 2012 re-election bid
https://en.wikinews.org/wiki/U.S._officials_disclose_Russian_think_tank_plans_outlining_interference_in_2016_U.S._presidential_election,U.S. officials disclose Russian think tank plans outlining interference in 2016 U.S. presidential election
"https://en.wikinews.org/wiki/Fear_and_loathing_on_the_campaign_trail,_May_2008","Fear and loathing on the campaign trail, May 2008"
"https://en.wikinews.org/wiki/On_the_campaign_trail_in_the_USA,_May_2020","On the campaign trail in the USA, May 2020"
https://en.wikinews.org/wiki/Mitt_Romney_wins_2012_Florida_primary,Mitt Romney wins 2012 Florida primary
"https://en.wikinews.org/wiki/On_the_campaign_trail_in_the_USA,_July_2020","On the campaign trail in the USA, July 2020"
https://en.wikinews.org/wiki/%27Birther_King%27_announces_2016_campaign_for_U.S._president,Birther King announces 2016 campaign for U.S. president
"https://en.wikinews.org/wiki/On_the_campaign_trail,_April_2012","On the campaign trail, April 2012"
"https://en.wikinews.org/wiki/On_the_campaign_trail,_March_2012","On the campaign trail, March 2012"
"https://en.wikinews.org/wiki/Fear_and_loathing_on_the_campaign_trail,_June_2008","Fear and loathing on the campaign trail, June 2008"
"https://en.wikinews.org/wiki/On_the_campaign_trail_in_the_USA,_August_2020","On the campaign trail in the USA, August 2020"
"https://en.wikinews.org/wiki/On_the_campaign_trail_in_the_USA,_October_2020","On the campaign trail in the USA, October 2020"
https://en.wikinews.org/wiki/Mitt_Romney_wins_2012_Nevada_caucuses,Mitt Romney wins 2012 Nevada caucuses
"https://en.wikinews.org/wiki/On_the_campaign_trail_in_the_USA,_September_2020","On the campaign trail in the USA, September 2020"
"https://en.wikinews.org/wiki/On_the_campaign_trail,_October_2012","On the campaign trail, October 2012"
https://en.wikinews.org/wiki/Mitt_Romney_wins_the_2012_New_Hampshire_Republican_primary,Mitt Romney wins the 2012 New Hampshire Republican primary
https://en.wikinews.org/wiki/Super_Tuesday_2012:_%27Joe_the_Plumber%27_wins_GOP_congressional_primary,Super Tuesday 2012: Joe the Plumber wins GOP congressional primary
"https://en.wikinews.org/wiki/Fear_and_loathing_on_the_campaign_trail,_October_2008","Fear and loathing on the campaign trail, October 2008"
https://en.wikinews.org/wiki/Wikinews_interviews_former_Salt_Lake_City_mayor_and_2012_presidential_candidate_Rocky_Anderson,Wikinews interviews former Salt Lake City mayor and 2012 presidential candidate Rocky Anderson
"https://en.wikinews.org/wiki/On_the_campaign_trail,_January_2012","On the campaign trail, January 2012"
"https://en.wikinews.org/wiki/On_the_campaign_trail,_May_2012","On the campaign trail, May 2012"
"https://en.wikinews.org/wiki/On_the_campaign_trail,_February_2012","On the campaign trail, February 2012"
"https://en.wikinews.org/wiki/On_the_campaign_trail,_August_2012","On the campaign trail, August 2012"
https://en.wikinews.org/wiki/Super_Tuesday_2012:_Mitt_Romney_wins_six_of_ten_GOP_contests,Super Tuesday 2012: Mitt Romney wins six of ten GOP contests
"https://en.wikinews.org/wiki/Fear_and_loathing_on_the_campaign_trail,_September_2008","Fear and loathing on the campaign trail, September 2008"
"https://en.wikinews.org/wiki/Fear_and_loathing_on_the_campaign_trail,_July_2008","Fear and loathing on the campaign trail, July 2008"
https://en.wikinews.org/wiki/United_States_economy_shrinks_by_0.1%25_in_last_quarter_of_2012,United States economy shrinks by 0.1%25 in last quarter of 2012
https://en.wikinews.org/wiki/Super_Tuesday_2012:_President_Obama_loses_a_delegate_to_Randall_Terry,Super Tuesday 2012: President Obama loses a delegate to Randall Terry
https://en.wikinews.org/wiki/United_States_economy_growth_revised_up_to_0.4%25_in_last_quarter_of_2012,United States economy growth revised up to 0.4%25 in last quarter of 2012
https://en.wikinews.org/wiki/Indiana_senator_testing_waters_for_2008_U.S._presidential_bid,Indiana senator testing waters for 2008 U.S. presidential bid
https://en.wikinews.org/wiki/Wikinews_2020:_An_%27Original_reporting%27_year_in_review,Wikinews 2020: An Original reporting year in review
https://en.wikinews.org/wiki/Wikinews%27_overview_of_the_year_2008,Wikinews overview of the year 2008
https://en.wikinews.org/wiki/North_American_Leaders%27_Summit_2016:_leaders_affirm_strong_relations,North American Leaders Summit 2016: leaders affirm strong relations
https://en.wikinews.org/wiki/Black_Box_Voting_finds_anomalies_in_electronic_voting_logs_of_2004_U.S._election,Black Box Voting finds anomalies in electronic voting logs of 2004 U.S. election
https://en.wikinews.org/wiki/U.S._Senator_Santorum:_%E2%80%98not_to_run%E2%80%99_in_2008_Presidential_race,U.S. Senator Santorum: %E2%80%98not to run%E2%80%99 in 2008 Presidential race
https://en.wikinews.org/wiki/Category:2020_United_States_presidential_election,Category:2020 United States presidential election
"https://en.wikinews.org/wiki/Wikinews_Shorts:_December_13,_2008","Wikinews Shorts: December 13, 2008"
https://en.wikinews.org/wiki/Digest/22November2004,Digest/22November2004
https://en.wikinews.org/wiki/Digest/29November2004,Digest/29November2004
https://en.wikinews.org/wiki/Category:2024_United_States_presidential_election,Category:2024 United States presidential election
"https://en.wikinews.org/wiki/Wikinews_Shorts:_January_24,_2012","Wikinews Shorts: January 24, 2012"
"https://en.wikinews.org/wiki/Wikinews_Shorts:_December_7,_2008","Wikinews Shorts: December 7, 2008"
"https://en.wikinews.org/wiki/India_discontinues_%E2%82%B9500,_%E2%82%B91000_denominations;_releases_%E2%82%B92000_and_new_%E2%82%B9500_bills","India discontinues %E2%82%B9500, %E2%82%B91000 denominations; releases %E2%82%B92000 and new %E2%82%B9500 bills"
https://en.wikinews.org/wiki/Tommy_Thompson_shows_interest_in_2008_run_for_the_White_House,Tommy Thompson shows interest in 2008 run for the White House
https://en.wikinews.org/wiki/Category:2012_United_States_presidential_election,Category:2012 United States presidential election
https://en.wikinews.org/wiki/Category:2008_United_States_presidential_election,Category:2008 United States presidential election
https://en.wikinews.org/wiki/Category:2016_United_States_presidential_election,Category:2016 United States presidential election
"https://en.wikinews.org/wiki/Illinois_court_clears_man_of_1992_rape,_murder_of_eleven-year-old","Illinois court clears man of 1992 rape, murder of eleven-year-old"
https://en.wikinews.org/wiki/Mumbai_2008_attack_plotter_sentenced_to_35_years,Mumbai 2008 attack plotter sentenced to 35 years
"https://en.wikinews.org/wiki/Wikinews_Shorts:_January_20,_2012","Wikinews Shorts: January 20, 2012"
https://en.wikinews.org/wiki/Category:Russian_involvement_in_the_2016_US_presidential_election,Category:Russian involvement in the 2016 US presidential election
"https://en.wikinews.org/wiki/Category:January_10,_2008","Category:January 10, 2008"
"https://en.wikinews.org/wiki/Category:January_11,_2008","Category:January 11, 2008"
"https://en.wikinews.org/wiki/Category:June_5,_2008","Category:June 5, 2008"
"https://en.wikinews.org/wiki/Category:April_26,_2008","Category:April 26, 2008"
